{"metadata":{"asset_id":"02651aa6-22d2-4303-b1ba-264b813c2053","asset_attributes":["notebook"],"name":"Analyzing Historical Stock/Revenue","asset_type":"notebook","created_at":"2021-04-24T13:47:52Z","description":"Analyzing Historical Stock/Revenue Data and Building a Dashboard","origin_country":"us","owner_id":"IBMid-550004570D","project_id":"c2d941d1-08c3-4d0a-afba-61bf8ac0d05e","size":13951,"tags":["notebook"],"usage":{"last_update_time":1623168406430,"last_updated_at":"2021-06-08T16:06:46Z"}},"entity":{"notebook":{"kernel":{"name":"python3","display_name":"Python 3.7","language":"python"},"originates_from":{"type":"blank"},"runtime":{"environment":"conda2py37-c2d941d1-08c3-4d0a-afba-61bf8ac0d05e"}}},"attachments":[{"id":"034fe420-28da-4f95-8761-57bf21b08a37","version":2,"asset_type":"notebook","name":"attachment for notebook 02651aa6-22d2-4303-b1ba-264b813c2053","description":"attachment for notebook 02651aa6-22d2-4303-b1ba-264b813c2053","mime":"application/json","datasource_type":"193a97c1-4475-4a19-b90c-295c4fdc6517","object_key":"notebook/Analyzing_Historical_Stock_Revenue_vf8y_9AyK.ipynb","creator_id":"IBMid-550004570D","create_time":1619272073562,"size":13951,"is_remote":false,"is_managed":false,"is_referenced":true,"is_object_key_read_only":false,"is_user_provided_path_key":true,"transfer_complete":true,"is_partitioned":false,"complete_time_ticks":1619272073562,"user_data":{},"test_doc":0,"handle":{"bucket":"analyzinghistoricalstockrevenueda-donotdelete-pr-vevdckapdlzvln","location":"us-geo","key":"notebook/Analyzing_Historical_Stock_Revenue_vf8y_9AyK.ipynb","upload_id":"done","max_part_num":1},"usage":{"access_count":0,"last_accessor_id":"IBMid-550004570D","last_access_time":1619272073562}}]}
